{
  "format_version": "1.16.100",
  "minecraft:item": {
    "description": {
      "identifier": "rc:iron_singularity",
	  "category": "items"
    },
    "components": {
      "minecraft:icon": {
        "texture": "iron_singularity"
      },
      "minecraft:display_name": {
        "value": "§6Iron Singularity"
      },	"minecraft:render_offsets": {
        "main_hand": {
          "third_person": {
            "position": [0.26, 1.0, -0.55],
            "scale": [0.05, 0.05, 0.05]
          },
          "first_person": {
            "position": [0.88, -0.2, -1.6],
            "scale": [0.03, 0.03, 0.03]
          }
        }
      },
	    "minecraft:hand_equipped": false,
      "minecraft:max_stack_size": 64,
  		"minecraft:stacked_by_data": false
    }
  }
}
