{
  "format_version": "1.16.100",
  "minecraft:block": {
    "description": {
      "identifier": "io:dark_oak_vein",
      "category": "Nature"
    },
    "components": {
      "minecraft:loot": "loot_tables/blocks/dark_oak_vein.json",
      "minecraft:destroy_time": 0.3,
      "minecraft:friction": 0.7,
      "minecraft:map_color": "#FFFFFF",
      "minecraft:explosion_resistance": 1.0,
      "minecraft:block_light_absorption": 15.0,
      "minecraft:block_light_emission": 0.0,
      "minecraft:geometry": "geometry.block.bloco",
      "minecraft:material_instances": {
        "*": {
          "texture": "dark_oak_vein",
          "render_method": "blend"
        }
      },
  "minecraft:ticking": {
  "looping": true,
  "range": [ 0.05, 0.1],
  "on_tick": {
    "event": "energia",
    "target": "self"
      }
}
    },
    "events": {
      "energia": {
        "run_command": {
          "command": [
            "fill ~1 ~1 ~1 ~-1 ~-1 ~-1 io:dark_oak_vein 0 replace log2 1",
"fill ~1 ~1 ~1 ~-1 ~-1 ~-1 io:dark_oak_vein 0 replace log2 5",
"fill ~1 ~1 ~1 ~-1 ~-1 ~-1 io:dark_oak_vein 0 replace log2 9",
"fill ~ ~ ~ ~ ~ ~ air 0 destroy"
           ]
         } 
        }
      }
    }
  }
}