{
	"file_path": "C:\\Users\\Jaymelson\\AppData\\Local\\Packages\\Microsoft.MinecraftUWP_8wekyb3d8bbwe\\LocalState\\games\\com.mojang\\development_behavior_packs\\Minecraftia 3D Font\\entities\\letter_rsilver.json",
	"file_type": "entity",
	"format_version": 1,
	"file_uuid": "9d181bf4_f8ec_4d00_b3de_c3cd0d75f6f1",
	"file_version": 7,
	"cache_content": {
		"children": [
			{
				"data": "1.13.0",
				"key": "format_version"
			},
			{
				"open": {
					"format_version": "1.13.0",
					"minecraft:entity": {
						"description": {
							"identifier": "bridge:letter_rsilver",
							"is_spawnable": true,
							"is_summonable": true,
							"is_experimental": false,
							"runtime_identifier": "minecraft:armor_stand"
						},
						"components": {
							"minecraft:type_family": {
								"family": [
									"armor_stand",
									"inanimate",
									"mob"
								]
							},
							"minecraft:collision_box": {
								"width": 0.5,
								"height": 0.9
							},
							"minecraft:health": {
								"value": 1,
								"max": 1
							},
							"minecraft:persistent": {},
							"minecraft:physics": {
								"has_gravity": false,
								"has_collision": true
							},
							"minecraft:identifier": "letter:a_black"
						},
						"events": {},
						"component_groups": {}
					}
				},
				"key": "minecraft:entity",
				"children": [
					{
						"open": {
							"description": {
								"identifier": "bridge:letter_rsilver",
								"is_spawnable": true,
								"is_summonable": true,
								"is_experimental": false,
								"runtime_identifier": "minecraft:armor_stand"
							},
							"components": {
								"minecraft:type_family": {
									"family": [
										"armor_stand",
										"inanimate",
										"mob"
									]
								},
								"minecraft:collision_box": {
									"width": 0.5,
									"height": 0.9
								},
								"minecraft:health": {
									"value": 1,
									"max": 1
								},
								"minecraft:persistent": {},
								"minecraft:physics": {
									"has_gravity": false,
									"has_collision": true
								},
								"minecraft:identifier": "letter:a_black"
							},
							"events": {},
							"component_groups": {}
						},
						"key": "description",
						"is_minified": true,
						"children": {
							"identifier": "bridge:letter_rsilver",
							"is_spawnable": true,
							"is_summonable": true,
							"is_experimental": false,
							"runtime_identifier": "minecraft:armor_stand"
						}
					},
					{
						"key": "components",
						"is_minified": true,
						"children": {
							"minecraft:type_family": {
								"family": [
									"armor_stand",
									"inanimate",
									"mob"
								]
							},
							"minecraft:collision_box": {
								"width": 0.5,
								"height": 0.9
							},
							"minecraft:health": {
								"value": 1,
								"max": 1
							},
							"minecraft:persistent": {},
							"minecraft:physics": {
								"has_gravity": false,
								"has_collision": true
							},
							"minecraft:identifier": "letter:a_black"
						}
					},
					{
						"key": "events",
						"is_minified": true,
						"children": {}
					},
					{
						"key": "component_groups",
						"is_minified": true,
						"children": {}
					}
				]
			}
		]
	}
}