{
	"file_path": "C:\\Users\\Jaymelson\\AppData\\Local\\Packages\\Microsoft.MinecraftUWP_8wekyb3d8bbwe\\LocalState\\games\\com.mojang\\development_behavior_packs\\Minecraftia 3D Font\\entities\\letter_awhite.json",
	"file_type": "entity",
	"format_version": 1,
	"file_uuid": "1fa7f870_2372_446b_aa2c_bfd695d14316",
	"file_version": 2,
	"cache_content": {
		"children": [
			{
				"data": "1.13.0",
				"key": "format_version"
			},
			{
				"open": {
					"format_version": "1.13.0",
					"minecraft:entity": {
						"description": {
							"identifier": "bridge:letter_awhite",
							"is_spawnable": true,
							"is_summonable": true,
							"is_experimental": false,
							"runtime_identifier": "minecraft:armor_stand"
						},
						"components": {
							"minecraft:type_family": {
								"family": [
									"armor_stand",
									"inanimate",
									"mob"
								]
							},
							"minecraft:collision_box": {
								"width": 0.5,
								"height": 0.9
							},
							"minecraft:health": {
								"value": 1,
								"max": 1
							},
							"minecraft:persistent": {},
							"minecraft:physics": {
								"has_gravity": false,
								"has_collision": true
							}
						},
						"events": {}
					}
				},
				"key": "minecraft:entity",
				"children": [
					{
						"open": {
							"description": {
								"identifier": "bridge:letter_awhite",
								"is_spawnable": true,
								"is_summonable": true,
								"is_experimental": false,
								"runtime_identifier": "minecraft:armor_stand"
							},
							"components": {
								"minecraft:type_family": {
									"family": [
										"armor_stand",
										"inanimate",
										"mob"
									]
								},
								"minecraft:collision_box": {
									"width": 0.5,
									"height": 0.9
								},
								"minecraft:health": {
									"value": 1,
									"max": 1
								},
								"minecraft:persistent": {},
								"minecraft:physics": {
									"has_gravity": false,
									"has_collision": true
								}
							},
							"events": {}
						},
						"key": "description",
						"is_minified": true,
						"children": {
							"identifier": "bridge:letter_awhite",
							"is_spawnable": true,
							"is_summonable": true,
							"is_experimental": false,
							"runtime_identifier": "minecraft:armor_stand"
						}
					},
					{
						"open": {
							"description": {
								"identifier": "bridge:letter_awhite",
								"is_spawnable": true,
								"is_summonable": true,
								"is_experimental": false,
								"runtime_identifier": "minecraft:armor_stand"
							},
							"components": {
								"minecraft:type_family": {
									"family": [
										"armor_stand",
										"inanimate",
										"mob"
									]
								},
								"minecraft:collision_box": {
									"width": 0.5,
									"height": 0.9
								},
								"minecraft:health": {
									"value": 1,
									"max": 1
								},
								"minecraft:persistent": {},
								"minecraft:physics": {
									"has_gravity": false,
									"has_collision": true
								}
							},
							"events": {}
						},
						"key": "components",
						"children": [
							{
								"key": "minecraft:type_family",
								"is_minified": true,
								"children": {
									"family": [
										"armor_stand",
										"inanimate",
										"mob"
									]
								}
							},
							{
								"open": {
									"minecraft:type_family": {
										"family": [
											"armor_stand",
											"inanimate",
											"mob"
										]
									},
									"minecraft:collision_box": {
										"width": 0.5,
										"height": 0.9
									},
									"minecraft:health": {
										"value": 1,
										"max": 1
									},
									"minecraft:persistent": {},
									"minecraft:physics": {
										"has_gravity": false,
										"has_collision": true
									}
								},
								"key": "minecraft:collision_box",
								"is_minified": true,
								"children": {
									"width": 0.5,
									"height": 0.9
								}
							},
							{
								"key": "minecraft:health",
								"is_minified": true,
								"children": {
									"value": 1,
									"max": 1
								}
							},
							{
								"key": "minecraft:persistent",
								"is_minified": true,
								"children": {}
							},
							{
								"key": "minecraft:physics",
								"is_minified": true,
								"children": {
									"has_gravity": false,
									"has_collision": true
								}
							}
						]
					},
					{
						"key": "events",
						"is_minified": true,
						"children": {}
					}
				]
			}
		]
	}
}