{
  "format_version": "1.16.100",
  "minecraft:item": {
    "description": {
    "category":"equipment",
      "identifier": "rc:infinity_hoe"
    },  
    "components": {
      "minecraft:icon": {
        "texture": "hoe_of_the_green_earth"
      },  
      "minecraft:display_name": {
        "value": "Hoe of the Green Earth"
      }, 
      "minecraft:creative_category": {
        "parent": "itemGroup.name.hoe"
      }, 
  "minecraft:on_use_on": {
      "on_use_on": {
          "event": "a",
          "target": "self"
      }
  }, 
      "minecraft:weapon": {},
	  "minecraft:allow_off_hand": true,
      "minecraft:max_stack_size": 1,
      "minecraft:foil": false,
      "minecraft:hand_equipped": true,
      "minecraft:damage": 5
    }, 
        "events": {
          "a": {
            "sequence": [
              {
                "condition": "q.is_sneaking",
                  "run_command": {
                    "command": [
                      "fill ~~~ ~~~ farmland 1 replace grass",
                      "fill ~~~ ~~~ farmland 1 replace dirt",
                      "fill ~~~ ~~~ farmland 1 replace podzol"
                    ]
                  }
                },
              {
                "condition": "!q.is_sneaking",
                  "run_command": {
                    "command": [
                      "fill ~5 ~ ~5 ~-5 ~ ~-5 farmland 2 replace grass",
                      "fill ~5 ~ ~5 ~-5 ~ ~-5 farmland 2 replace dirt",
                      "fill ~5 ~ ~5 ~-5 ~ ~-5 farmland 2 replace podzol"
                    ]
                  }
                }
          ]
      }
    }
  }
}