{
  "format_version": "1.16.100",
  "minecraft:item": {
    "description": {
    "category":"equipment",
      "identifier": "rc:infinity_axe"
    }, 
    "components": {
      "minecraft:icon": {
        "texture": "nature_ruin"
      }, 
      "minecraft:display_name": {
        "value": "§4Nature's Ruin "
      }, 
      "minecraft:creative_category": {
        "parent": "itemGroup.name.axe"
      }, 
  "minecraft:on_use_on": {
      "on_use_on": {
          "event": "vein",
          "target": "self",
"condition": "query.is_sneaking"
      }
  }, 
      
      "minecraft:weapon": {},
	  "minecraft:allow_off_hand": true,
      "minecraft:max_stack_size": 1,
      "minecraft:hand_equipped": true,
      "minecraft:mining_speed": 999,
      "minecraft:damage": 12,
      "minecraft:digger": {
        "use_efficiency": true,
        "destroy_speeds": [
          {
            "block": {
              "tags": "q.any_tag('wood', 'pumpkin', 'plant')"
            },
            "speed": 999
          },
          {
            "block": "minecraft:chest",
            "speed": 999
          },
          {
            "block": "minecraft:trapped_chest",
            "speed": 999
          },
          {
            "block": "minecraft:stripped_warped_stem",
            "speed": 999
          },
          {
            "block": "minecraft:warped_door",
            "speed": 999
          },
          {
            "block": "minecraft:warped_button",
            "speed": 999
          },
          {
            "block": "minecraft:warped_fence",
            "speed": 999
          },
          {
            "block": "minecraft:warped_fence_gate",
            "speed": 999
          },
          {
            "block": "minecraft:warped_hyphae",
            "speed": 999
          },
          {
            "block": "minecraft:warped_planks",
            "speed": 999
          },
          {
            "block": "minecraft:warped_pressure_plate",
            "speed": 999
          },
          {
            "block": "minecraft:warped_sign",
            "speed": 999
          },
          {
            "block": "minecraft:warped_slab",
            "speed": 999
          },
          {
            "block": "minecraft:warped_stairs",
            "speed": 999
          },
          {
            "block": "minecraft:warped_stem",
            "speed": 999
          },
          {
            "block": "minecraft:warped_trapdoor",
            "speed": 999
          },
          {
            "block": "minecraft:stripped_warped_hyphae",
            "speed": 999
          },
          {
            "block": "minecraft:stripped_crimson_stem",
            "speed": 999
          },
          {
            "block": "minecraft:crimson_door",
            "speed": 999
          },
          {
            "block": "minecraft:crimson_button",
            "speed": 999
          },
          {
            "block": "minecraft:crimson_fence",
            "speed": 999
          },
          {
            "block": "minecraft:crimson_fence_gate",
            "speed": 999
          },
          {
            "block": "minecraft:crimson_hyphae",
            "speed": 999
          },
          {
            "block": "minecraft:crimson_planks",
            "speed": 999
          },
          {
            "block": "minecraft:crimson_pressure_plate",
            "speed": 999
          },
          {
            "block": "minecraft:crimson_sign",
            "speed": 999
          },
          {
            "block": "minecraft:crimson_slab",
            "speed": 999
          },
          {
            "block": "minecraft:crimson_stairs",
            "speed": 999
          },
          {
            "block": "minecraft:crimson_stem",
            "speed": 999
          },
          {
            "block": "minecraft:crimson_trapdoor",
            "speed": 999
          },
          {
            "block": "minecraft:stripped_crimson_hyphae",
            "speed": 999
          },
          {
            "block": "minecraft:cartography_table",
            "speed": 999
          },
          {
            "block": "minecraft:crafting_table",
            "speed": 999
          },
          {
            "block": "minecraft:campfire",
            "speed": 999
          },
          {
            "block": "minecraft:soul_campfire",
            "speed": 999
          },
          {
            "block": "minecraft:beehive",
            "speed": 999
          },
          {
            "block": "minecraft:bookshelf",
            "speed": 999
          },
          {
            "block": "minecraft:loom",
            "speed": 999
          },
          {
            "block": "minecraft:jukebox",
            "speed": 999
          },
          {
            "block": "minecraft:composter",
            "speed": 999
          },
          {
            "block": "minecraft:lectern",
            "speed": 999
          },
          {
            "block": "minecraft:melon_block",
            "speed": 999
          }
        ]
      }
    }, 
        "events": {
        "vein": {
				"run_command": {
"command": [
"fill ~~~ ~~~ io:oak_vein 0 replace log 0",
"fill ~~~ ~~~ io:oak_vein 0 replace log 4",
"fill ~~~ ~~~ io:oak_vein 0 replace log 8",
"fill ~~~ ~~~ io:birch_vein 0 replace log 2",
"fill ~~~ ~~~ io:birch_vein 0 replace log 6",
"fill ~~~ ~~~ io:birch_vein 0 replace log 10",
"fill ~~~ ~~~ io:spruce_vein 0 replace log 1",
"fill ~~~ ~~~ io:spruce_vein 0 replace log 5",
"fill ~~~ ~~~ io:spruce_vein 0 replace log 9",
"fill ~~~ ~~~ io:jungle_vein 0 replace log 3",
"fill ~~~ ~~~ io:jungle_vein 0 replace log 7",
"fill ~~~ ~~~ io:jungle_vein 0 replace log 11",
"fill ~~~ ~~~ io:dark_oak_vein 0 replace log2 1",
"fill ~~~ ~~~ io:dark_oak_vein 0 replace log2 5",
"fill ~~~ ~~~ io:dark_oak_vein 0 replace log2 9",
"fill ~~~ ~~~ io:acacia_vein 0 replace log2 0",
"fill ~~~ ~~~ io:acacia_vein 0 replace log2 4",
"fill ~~~ ~~~ io:acacia_vein 0 replace log2 8"
],
			        "target": "block"
				}
        }
    }
  }
}