{
  "format_version": "1.16.100",
  "minecraft:item": {
    "events": {
      "shooting": {
        "sequence": [
          {
            "run_command": {
              "command": "setblock ~ ~-2 ~ rc:arr"
            }
          },
          {
            "shoot": {
              "projectile": "minecraft:arrow",
              "launch_power": 1
            }
          }
        ]
      }
    },
    "description": {
      "identifier": "rc:longbow_of_the_heavens",
      "category": "equipment"
    },
    "components": {	"minecraft:render_offsets": {
      "main_hand": {
        "third_person": {
          "position": [0.26, 1.0, -0.55],
          "scale": [0.05, 0.05, 0.05]
        },
        "first_person": {
          "position": [0.88, -0.2, -1.6],
          "scale": [0.03, 0.03, 0.03]
        }
      }
    },
      "minecraft:max_stack_size": 1,
      "minecraft:hand_equipped": true,
      "minecraft:icon": {
        "texture": "longbow_of_the_heavens"
      },
      "minecraft:on_use": {
        "on_use": {
          "event": "shooting",
          "target": "self"
        }
      },
      "minecraft:cooldown": {
        "category": "_bow",
        "duration": 5
      },
      "minecraft:frame_count": 5,
      "minecraft:use_duration": 99999,
      "minecraft:use_animation": "bow",
      "minecraft:food": {
        "nutrition": 0,
        "can_always_eat": true,
        "saturation_modifier": "poor"
      },
      "minecraft:display_name": {
        "value": "Longbow Of The Heavens"
      }
    }
  }
}