{
  "format_version": "1.16.100",
  "minecraft:item": {
    "description": {
      "identifier": "rc:infinity_sword",
      "category": "equipment"
    },
    "components": {
      "minecraft:icon": {
        "texture": "sword_of_the_cosmos"
      },
      "minecraft:creative_category": {
        "parent": "itemGroup.sword"
      },	"minecraft:render_offsets": {
        "main_hand": {
          "third_person": {
            "position": [0.26, 1.0, -0.55],
            "scale": [0.024, 0.024, 0.024]
          },
          "first_person": {
            "position": [1.77, -0.4, -3.2],
            "scale": [0.03, 0.03, 0.03]
          }
        }
      },
	  "minecraft:display_name": {"value": "§4Sword Of The Cosmos"},
      "minecraft:use_duration": 99999,
      "minecraft:use_animation": "bow",
      "minecraft:food": {
        "nutrition": 0,
        "can_always_eat": true,
        "saturation_modifier": "poor"
      },
      "minecraft:frame_count": 1,
      "minecraft:max_stack_size": 1,
      "minecraft:damage": 999999,
      "minecraft:enchantable": {
        "value": 9999,
        "slot": "sword"
      },
      "minecraft:on_use": {
        "on_use": {
          "event": "random",
          "target": "self"
        }
      },
      "minecraft:hand_equipped": true,
      "minecraft:weapon": {
        "on_hurt_entity": {
          "event": "kill",
          "target": "self"
        }
      }
    },
    "events": {
      "random": {
        "run_command": {
          "command": [
            "tag @s add chtc",
            "execute @e[tag=!chtc, r=650] effect @s wither 99999 255 true",
            "effect @s speed 8 7 true"
          ]
        }
      },
      "kill": {
        "sequence": [ 
          {
            "die": {
              "target": "other"
            }
          },
          {
            "run_command": {
              "command": [
                "particle spiral ~~~"
              ],
              "target": "other"
            }
          }
        ]
      }
    }
  }
}