{
  "format_version": "1.16.100",
  "minecraft:item": {
    "description": {
    "category": "command",
      "identifier": "rc:infinity_pickaxe1"
    },  
    "components": {
      "minecraft:icon": {
        "texture": "world_breaker1"
      },  
      "minecraft:display_name": {
        "value": "§4World Breaker"
      }, 
      "minecraft:creative_category": {
        "parent": "itemGroup.name.pickaxe"
      }, 
  "minecraft:on_use_on": {
      "on_use_on": {
          "event": "a",
          "target": "self"
      }
  }, 
      
      "minecraft:weapon": {},
	  "minecraft:allow_off_hand": true,
      "minecraft:max_stack_size": 1,
      "minecraft:hand_equipped": true,
      "minecraft:mining_speed": 5,
      "minecraft:damage": 8,
      "minecraft:digger": {
        "use_efficiency": true,
        "destroy_speeds": [
          {
            "block": {
              "tags": "q.any_tag('stone', 'metal', 'iron_pick_diggable', 'wood', 'pumpkin', 'plant', 'dirt', 'sand', 'gravel', 'grass', 'snow', 'all')"
            }, 
            "speed": 5
          }, 
          {
            "block": "minecraft:undyed_shulker_box",
            "speed": 5
          }, 
          {
            "block": "minecraft:shulker_box",
            "speed": 5
          }, 
          {
            "block": "minecraft:bell",
            "speed": 5
          }, 
          {
            "block": "minecraft:bedrock",
            "speed": -5
          }, 
          {
            "block": "mk:minerio_de_osmium",
            "speed": 5
          },
          {
            "block": "mk:copper_ore",
            "speed": 5
          },
          {
            "block": "mk:tin_ore",
            "speed": 5
          },
          {
            "block": "minecraft:ice",
            "speed": 5
          }, 
          {
            "block": "minecraft:obsidian",
            "speed": 5
          }, 
          {
            "block": "minecraft:netherite_block",
            "speed": 5
          }, 
          {
            "block": "minecraft:ancient_debris",
            "speed": 5
          }, 
          {
            "block": "minecraft:Crying_obsidian",
            "speed": 5
          }, 
          {
            "block": "minecraft:basalt",
            "speed": 5
          }, 
          {
            "block": "minecraft:polished_basalt",
            "speed": 5
          }, 
          {
            "block": "minecraft:crimson_nylium",
            "speed": 5
          }, 
          {
            "block": "minecraft:warped_nylium",
            "speed": 5
          }, 
          {
            "block": "minecraft:quartz_ore",
            "speed": 5
          }, 
          {
            "block": "minecraft:nether_gold_ore",
            "speed": 5
          }, 
          {
            "block": "minecraft:blackstone",
            "speed": 5
          }, 
          {
            "block": "minecraft:blackstone_slab",
            "speed": 5
          }, 
          {
            "block": "minecraft:blackstone_stairs",
            "speed": 5
          }, 
          {
            "block": "minecraft:blackstone_wall",
            "speed": 5
          }, 
          {
            "block": "minecraft:chiseled_polished_blackstone",
            "speed": 5
          }, 
          {
            "block": "minecraft:cracked_polished_blackstone_bricks",
            "speed": 5
          }, 
          {
            "block": "minecraft:gilded_blackstone",
            "speed": 5
          }, 
          {
            "block": "minecraft:polished_blackstone",
            "speed": 5
          }, 
          {
            "block": "minecraft:polished_blackstone_brick_slab",
            "speed": 5
          }, 
          {
            "block": "minecraft:polished_blackstone_brick_stairs",
            "speed": 5
          }, 
          {
            "block": "minecraft:polished_blackstone_brick_wall",
            "speed": 5
          }, 
          {
            "block": "minecraft:polished_blackstone_bricks",
            "speed": 5
          }, 
          {
            "block": "minecraft:polished_blackstone_button",
            "speed": 5
          }, 
          {
            "block": "minecraft:polished_blackstone_pressure_plate",
            "speed": 5
          }, 
          {
            "block": "minecraft:polished_blackstone_slab",
            "speed": 5
          }, 
          {
            "block": "minecraft:polished_blackstone_stairs",
            "speed": 5
          }, 
          {
            "block": "minecraft:polished_blackstone_wall",
            "speed": 5
          }, 
          {
            "block": "minecraft:packed_ice",
            "speed": 5
          }, 
          {
            "block": "minecraft:mob_spawner",
            "speed": 5
          }, 
          {
            "block": "minecraft:netherrack",
            "speed": 5
          }, 
          {
            "block": "minecraft:magma",
            "speed": 5
          }, 
          {
            "block": "minecraft:end_stone",
            "speed": 5
          }, 
          {
            "block": "minecraft:cobblestone_wall",
            "speed": 5
          }, 
          {
            "block": "minecraft:end_bricks",
            "speed": 5
          }, 
          {
            "block": "minecraft:end_brick_stairs",
            "speed": 5
          }, 
          {
            "block": "minecraft:stone_slab3",
            "speed": 5
          }, 
          {
            "block": "minecraft:furnace",
            "speed": 5
          }, 
          {
            "block": "minecraft:blast_furnace",
            "speed": 5
          }, 
          {
            "block": "minecraft:smoker",
            "speed": 5
          }, 
          {
            "block": "minecraft:anvil",
            "speed": 5
          }, 
          {
            "block": "minecraft:grindstone",
            "speed": 5
          }, 
          {
            "block": "minecraft:stonecutter_block",
            "speed": 5
          }, 
          {
            "block": "minecraft:enchanting_table",
            "speed": 5
          }, 
          {
            "block": "minecraft:observer",
            "speed": 5
          }, 
          {
            "block": "minecraft:redstone_block",
            "speed": 5
          }, 
          {
            "block": "minecraft:emerald_block",
            "speed": 5
          }, 
          {
            "block": "minecraft:diamond_block",
            "speed": 5
          }, 
          {
            "block": "minecraft:Lapis_block",
            "speed": 5
          }, 
          {
            "block": "minecraft:coal_block",
            "speed": 5
          }, 
          {
            "block": "minecraft:quartz_block",
            "speed": 5
          }, 
          {
            "block": "minecraft:smooth_stone",
            "speed": 5
          }, 
          {
            "block": "minecraft:red_sandstone",
            "speed": 5
          }, 
          {
            "block": "minecraft:stone_slab2",
            "speed": 5
          }, 
          {
            "block": "minecraft:stone_slab",
            "speed": 5
          }, 
          {
            "block": "minecraft:stonebrick",
            "speed": 5
          }, 
          {
            "block": "minecraft:prismarine",
            "speed": 5
          }, 
          {
            "block": "minecraft:bone_block",
            "speed": 5
          }, 
          {
            "block": "minecraft:nether_brick",
            "speed": 5
          }, 
          {
            "block": "minecraft:red_nether_brick",
            "speed": 5
          }, 
          {
            "block": "minecraft:chiseled_nether_bricks",
            "speed": 5
          }, 
          {
            "block": "minecraft:cracked_nether_bricks",
            "speed": 5
          }, 
          {
            "block": "minecraft:purpur_block",
            "speed": 5
          }, 
          {
            "block": "minecraft:purpur_stairs",
            "speed": 5
          }, 
          {
            "block": "minecraft:concrete",
            "speed": 5
          }, 
          {
            "block": "minecraft:hardened_clay",
            "speed": 5
          }, 
          {
            "block": "minecraft:stained_hardened_clay",
            "speed": 5
          }, 
          {
            "block": "minecraft:nether_brick_fence",
            "speed": 5
          }, 
          {
            "block": "minecraft:normal_stone_stairs",
            "speed": 5
          }, 
          {
            "block": "minecraft:red_sandstone_stairs",
            "speed": 5
          }, 
          {
            "block": "minecraft:smooth_red_sandstone_stairs",
            "speed": 5
          }, 
          {
            "block": "minecraft:sandstone_stairs",
            "speed": 5
          }, 
          {
            "block": "minecraft:smooth_sandstone_stairs",
            "speed": 5
          }, 
          {
            "block": "minecraft:mossy_stone_brick_stairs",
            "speed": 5
          }, 
          {
            "block": "minecraft:stone_brick_stairs",
            "speed": 5
          }, 
          {
            "block": "minecraft:hopper",
            "speed": 5
          }, 
          {
            "block": "minecraft:dropper",
            "speed": 5
          }, 
          {
            "block": "minecraft:dispenser",
            "speed": 5
          }, 
          {
            "block": "minecraft:quartz_bricks",
            "speed": 5
          }, 
          {
            "block": "minecraft:lodestone",
            "speed": 5
          }, 
          {
            "block": "minecraft:mossy_cobblestone_stairs",
            "speed": 5
          }, 
          {
            "block": "minecraft:granite_stairs",
            "speed": 5
          }, 
          {
            "block": "minecraft:polished_granite_stairs",
            "speed": 5
          }, 
          {
            "block": "minecraft:diorite_stairs",
            "speed": 5
          }, 
          {
            "block": "minecraft:polished_diorite_stairs",
            "speed": 5
          }, 
          {
            "block": "minecraft:andesite_stairs",
            "speed": 5
          }, 
          {
            "block": "minecraft:polished_andesite_stairs",
            "speed": 5
          }, 
          {
            "block": "minecraft:brick_stairs",
            "speed": 5
          }, 
          {
            "block": "minecraft:nether_brick_stairs",
            "speed": 5
          }, 
          {
            "block": "minecraft:red_nether_brick_stairs",
            "speed": 5
          }, 
          {
            "block": "minecraft:smooth_quartz_stairs",
            "speed": 5
          }, 
          {
            "block": "minecraft:quartz_stairs",
            "speed": 5
          }, 
          {
            "block": "minecraft:dark_prismarine_stairs",
            "speed": 5
          }, 
          {
            "block": "minecraft:prismarine_stairs",
            "speed": 5
          }, 
          {
            "block": "minecraft:prismarine_bricks_stairs",
            "speed": 5
          }, 
          {
            "block": "minecraft:stone_slab4",
            "speed": 5
          }, 
          {
            "block": "minecraft:chain",
            "speed": 5
          }, 
          {
            "block": "minecraft:sandstone",
            "speed": 5
          }, 
          {
            "block": "minecraft:chest",
            "speed": 5
          }, 
          {
            "block": "minecraft:trapped_chest",
            "speed": 5
          }, 
          {
            "block": "minecraft:stripped_warped_stem",
            "speed": 5
          }, 
          {
            "block": "minecraft:warped_door",
            "speed": 5
          }, 
          {
            "block": "minecraft:warped_button",
            "speed": 5
          }, 
          {
            "block": "minecraft:warped_fence",
            "speed": 5
          }, 
          {
            "block": "minecraft:warped_fence_gate",
            "speed": 5
          }, 
          {
            "block": "minecraft:warped_hyphae",
            "speed": 5
          }, 
          {
            "block": "minecraft:warped_planks",
            "speed": 5
          }, 
          {
            "block": "minecraft:warped_pressure_plate",
            "speed": 5
          }, 
          {
            "block": "minecraft:warped_sign",
            "speed": 5
          }, 
          {
            "block": "minecraft:warped_slab",
            "speed": 5
          }, 
          {
            "block": "minecraft:warped_stairs",
            "speed": 5
          }, 
          {
            "block": "minecraft:warped_stem",
            "speed": 5
          }, 
          {
            "block": "minecraft:warped_trapdoor",
            "speed": 5
          }, 
          {
            "block": "minecraft:stripped_warped_hyphae",
            "speed": 5
          }, 
          {
            "block": "minecraft:stripped_crimson_stem",
            "speed": 5
          }, 
          {
            "block": "minecraft:crimson_door",
            "speed": 5
          }, 
          {
            "block": "minecraft:crimson_button",
            "speed": 5
          }, 
          {
            "block": "minecraft:crimson_fence",
            "speed": 5
          }, 
          {
            "block": "minecraft:crimson_fence_gate",
            "speed": 5
          }, 
          {
            "block": "minecraft:crimson_hyphae",
            "speed": 5
          }, 
          {
            "block": "minecraft:crimson_planks",
            "speed": 5
          }, 
          {
            "block": "minecraft:crimson_pressure_plate",
            "speed": 5
          }, 
          {
            "block": "minecraft:crimson_sign",
            "speed": 5
          }, 
          {
            "block": "minecraft:crimson_slab",
            "speed": 5
          }, 
          {
            "block": "minecraft:crimson_stairs",
            "speed": 5
          }, 
          {
            "block": "minecraft:crimson_stem",
            "speed": 5
          }, 
          {
            "block": "minecraft:crimson_trapdoor",
            "speed": 5
          }, 
          {
            "block": "minecraft:stripped_crimson_hyphae",
            "speed": 5
          }, 
          {
            "block": "minecraft:cartography_table",
            "speed": 5
          }, 
          {
            "block": "minecraft:crafting_table",
            "speed": 5
          }, 
          {
            "block": "minecraft:campfire",
            "speed": 5
          }, 
          {
            "block": "minecraft:soul_campfire",
            "speed": 5
          }, 
          {
            "block": "minecraft:beehive",
            "speed": 5
          }, 
          {
            "block": "minecraft:bookshelf",
            "speed": 5
          }, 
          {
            "block": "minecraft:loom",
            "speed": 5
          }, 
          {
            "block": "minecraft:jukebox",
            "speed": 5
          }, 
          {
            "block": "minecraft:composter",
            "speed": 5
          }, 
          {
            "block": "minecraft:lectern",
            "speed": 5
          }, 
          {
            "block": "minecraft:melon_block",
            "speed": 5
          }, 
          {
            "block": "minecraft:snow",
            "speed": 5
          }, 
          {
            "block": "minecraft:snow_layer",
            "speed": 5
          }, 
          {
            "block": "minecraft:soul_sand",
            "speed": 5
          }, 
          {
            "block": "minecraft:soul_soil",
            "speed": 5
          }, 
          {
            "block": "minecraft:podzol",
            "speed": 5
          }, 
          {
            "block": "minecraft:mycelium",
            "speed": 5
          }
        ]
      } 
    }, 
        "events": {
          "a": {
            "sequence": [
              {
                  "condition": "q.is_sneaking",
	               	"decrement_stack": {},
                  "run_command": {
                    "command": [
                      "give @p rc:infinity_pickaxe"
                    ]
                  }
              },
              {
                  "run_command": {
                    "command": [
                      "fill ~8 ~15 ~8 ~-8 ~ ~-8 air 0 destroy",
                      "tp @e[type=item,r=15] @p",
"tp @e[type=xp_orb,r=15] @p"
                    ]
                  }
              }
            ]
          }
        }
  }
}