{
	"file_path": "C:\\Users\\Jaymelson\\AppData\\Local\\Packages\\Microsoft.MinecraftUWP_8wekyb3d8bbwe\\LocalState\\games\\com.mojang\\development_resource_packs\\Minecraftia 3D Font\\entity\\letter_egray.json",
	"file_type": "client_entity",
	"format_version": 1,
	"file_uuid": "aecf11eb_8bca_4fb4_88b9_45a766ca6a96",
	"file_version": 10,
	"cache_content": {
		"children": [
			{
				"data": "1.10.0",
				"key": "format_version"
			},
			{
				"open": {
					"format_version": "1.10.0",
					"minecraft:client_entity": {
						"description": {
							"identifier": "bridge:letter_egray",
							"min_engine_version": "1.8.0",
							"materials": {
								"default": "armor_stand"
							},
							"textures": {
								"default": "textures/letter_e/gray"
							},
							"animations": {
								"default_pose": "animation.armor_stand.default_pose",
								"no_pose": "animation.armor_stand.no_pose",
								"solemn_pose": "animation.armor_stand.solemn_pose",
								"athena_pose": "animation.armor_stand.athena_pose",
								"brandish_pose": "animation.armor_stand.brandish_pose",
								"honor_pose": "animation.armor_stand.honor_pose",
								"entertain_pose": "animation.armor_stand.entertain_pose",
								"salute_pose": "animation.armor_stand.salute_pose",
								"riposte_pose": "animation.armor_stand.riposte_pose",
								"zombie_pose": "animation.armor_stand.zombie_pose",
								"cancan_a_pose": "animation.armor_stand.cancan_a_pose",
								"cancan_b_pose": "animation.armor_stand.cancan_b_pose",
								"hero_pose": "animation.armor_stand.hero_pose",
								"wiggle": "animation.armor_stand.wiggle",
								"controller.pose": "controller.animation.armor_stand.pose",
								"controller.wiggling": "controller.animation.armor_stand.wiggle"
							},
							"scripts": {
								"initialize": [
									"variable.armor_stand.pose_index = 0;",
									"variable.armor_stand.hurt_time = 0;"
								],
								"animate": [
									"controller.pose",
									"controller.wiggling"
								]
							},
							"geometry": {
								"default": "geometry.letter_e"
							},
							"render_controllers": [
								"controller.render.armor_stand"
							],
							"enable_attachables": false,
							"spawn_egg": {
								"texture": "egray",
								"texture_index": 0
							}
						}
					}
				},
				"key": "minecraft:client_entity",
				"children": [
					{
						"open": {
							"description": {
								"identifier": "bridge:letter_egray",
								"min_engine_version": "1.8.0",
								"materials": {
									"default": "armor_stand"
								},
								"textures": {
									"default": "textures/letter_e/gray"
								},
								"animations": {
									"default_pose": "animation.armor_stand.default_pose",
									"no_pose": "animation.armor_stand.no_pose",
									"solemn_pose": "animation.armor_stand.solemn_pose",
									"athena_pose": "animation.armor_stand.athena_pose",
									"brandish_pose": "animation.armor_stand.brandish_pose",
									"honor_pose": "animation.armor_stand.honor_pose",
									"entertain_pose": "animation.armor_stand.entertain_pose",
									"salute_pose": "animation.armor_stand.salute_pose",
									"riposte_pose": "animation.armor_stand.riposte_pose",
									"zombie_pose": "animation.armor_stand.zombie_pose",
									"cancan_a_pose": "animation.armor_stand.cancan_a_pose",
									"cancan_b_pose": "animation.armor_stand.cancan_b_pose",
									"hero_pose": "animation.armor_stand.hero_pose",
									"wiggle": "animation.armor_stand.wiggle",
									"controller.pose": "controller.animation.armor_stand.pose",
									"controller.wiggling": "controller.animation.armor_stand.wiggle"
								},
								"scripts": {
									"initialize": [
										"variable.armor_stand.pose_index = 0;",
										"variable.armor_stand.hurt_time = 0;"
									],
									"animate": [
										"controller.pose",
										"controller.wiggling"
									]
								},
								"geometry": {
									"default": "geometry.letter_e"
								},
								"render_controllers": [
									"controller.render.armor_stand"
								],
								"enable_attachables": false,
								"spawn_egg": {
									"texture": "egray",
									"texture_index": 0
								}
							}
						},
						"key": "description",
						"children": [
							{
								"open": {
									"identifier": "bridge:letter_egray",
									"min_engine_version": "1.8.0",
									"materials": {
										"default": "armor_stand"
									},
									"textures": {
										"default": "textures/letter_e/gray"
									},
									"animations": {
										"default_pose": "animation.armor_stand.default_pose",
										"no_pose": "animation.armor_stand.no_pose",
										"solemn_pose": "animation.armor_stand.solemn_pose",
										"athena_pose": "animation.armor_stand.athena_pose",
										"brandish_pose": "animation.armor_stand.brandish_pose",
										"honor_pose": "animation.armor_stand.honor_pose",
										"entertain_pose": "animation.armor_stand.entertain_pose",
										"salute_pose": "animation.armor_stand.salute_pose",
										"riposte_pose": "animation.armor_stand.riposte_pose",
										"zombie_pose": "animation.armor_stand.zombie_pose",
										"cancan_a_pose": "animation.armor_stand.cancan_a_pose",
										"cancan_b_pose": "animation.armor_stand.cancan_b_pose",
										"hero_pose": "animation.armor_stand.hero_pose",
										"wiggle": "animation.armor_stand.wiggle",
										"controller.pose": "controller.animation.armor_stand.pose",
										"controller.wiggling": "controller.animation.armor_stand.wiggle"
									},
									"scripts": {
										"initialize": [
											"variable.armor_stand.pose_index = 0;",
											"variable.armor_stand.hurt_time = 0;"
										],
										"animate": [
											"controller.pose",
											"controller.wiggling"
										]
									},
									"geometry": {
										"default": "geometry.letter_e"
									},
									"render_controllers": [
										"controller.render.armor_stand"
									],
									"enable_attachables": false,
									"spawn_egg": {
										"texture": "egray",
										"texture_index": 0
									}
								},
								"data": "bridge:letter_egray",
								"key": "identifier"
							},
							{
								"data": "1.8.0",
								"key": "min_engine_version"
							},
							{
								"key": "materials",
								"is_minified": true,
								"children": {
									"default": "armor_stand"
								}
							},
							{
								"open": {
									"identifier": "bridge:letter_egray",
									"min_engine_version": "1.8.0",
									"materials": {
										"default": "armor_stand"
									},
									"textures": {
										"default": "textures/letter_e/gray"
									},
									"animations": {
										"default_pose": "animation.armor_stand.default_pose",
										"no_pose": "animation.armor_stand.no_pose",
										"solemn_pose": "animation.armor_stand.solemn_pose",
										"athena_pose": "animation.armor_stand.athena_pose",
										"brandish_pose": "animation.armor_stand.brandish_pose",
										"honor_pose": "animation.armor_stand.honor_pose",
										"entertain_pose": "animation.armor_stand.entertain_pose",
										"salute_pose": "animation.armor_stand.salute_pose",
										"riposte_pose": "animation.armor_stand.riposte_pose",
										"zombie_pose": "animation.armor_stand.zombie_pose",
										"cancan_a_pose": "animation.armor_stand.cancan_a_pose",
										"cancan_b_pose": "animation.armor_stand.cancan_b_pose",
										"hero_pose": "animation.armor_stand.hero_pose",
										"wiggle": "animation.armor_stand.wiggle",
										"controller.pose": "controller.animation.armor_stand.pose",
										"controller.wiggling": "controller.animation.armor_stand.wiggle"
									},
									"scripts": {
										"initialize": [
											"variable.armor_stand.pose_index = 0;",
											"variable.armor_stand.hurt_time = 0;"
										],
										"animate": [
											"controller.pose",
											"controller.wiggling"
										]
									},
									"geometry": {
										"default": "geometry.letter_e"
									},
									"render_controllers": [
										"controller.render.armor_stand"
									],
									"enable_attachables": false,
									"spawn_egg": {
										"texture": "egray",
										"texture_index": 0
									}
								},
								"key": "textures",
								"is_minified": true,
								"children": {
									"default": "textures/letter_e/gray"
								}
							},
							{
								"key": "animations",
								"is_minified": true,
								"children": {
									"default_pose": "animation.armor_stand.default_pose",
									"no_pose": "animation.armor_stand.no_pose",
									"solemn_pose": "animation.armor_stand.solemn_pose",
									"athena_pose": "animation.armor_stand.athena_pose",
									"brandish_pose": "animation.armor_stand.brandish_pose",
									"honor_pose": "animation.armor_stand.honor_pose",
									"entertain_pose": "animation.armor_stand.entertain_pose",
									"salute_pose": "animation.armor_stand.salute_pose",
									"riposte_pose": "animation.armor_stand.riposte_pose",
									"zombie_pose": "animation.armor_stand.zombie_pose",
									"cancan_a_pose": "animation.armor_stand.cancan_a_pose",
									"cancan_b_pose": "animation.armor_stand.cancan_b_pose",
									"hero_pose": "animation.armor_stand.hero_pose",
									"wiggle": "animation.armor_stand.wiggle",
									"controller.pose": "controller.animation.armor_stand.pose",
									"controller.wiggling": "controller.animation.armor_stand.wiggle"
								}
							},
							{
								"key": "scripts",
								"is_minified": true,
								"children": {
									"initialize": [
										"variable.armor_stand.pose_index = 0;",
										"variable.armor_stand.hurt_time = 0;"
									],
									"animate": [
										"controller.pose",
										"controller.wiggling"
									]
								}
							},
							{
								"key": "geometry",
								"is_minified": true,
								"children": {
									"default": "geometry.letter_e"
								}
							},
							{
								"key": "render_controllers",
								"is_minified": true,
								"array": [
									"controller.render.armor_stand"
								]
							},
							{
								"data": "false",
								"key": "enable_attachables"
							},
							{
								"open": {
									"identifier": "bridge:letter_egray",
									"min_engine_version": "1.8.0",
									"materials": {
										"default": "armor_stand"
									},
									"textures": {
										"default": "textures/letter_e/gray"
									},
									"animations": {
										"default_pose": "animation.armor_stand.default_pose",
										"no_pose": "animation.armor_stand.no_pose",
										"solemn_pose": "animation.armor_stand.solemn_pose",
										"athena_pose": "animation.armor_stand.athena_pose",
										"brandish_pose": "animation.armor_stand.brandish_pose",
										"honor_pose": "animation.armor_stand.honor_pose",
										"entertain_pose": "animation.armor_stand.entertain_pose",
										"salute_pose": "animation.armor_stand.salute_pose",
										"riposte_pose": "animation.armor_stand.riposte_pose",
										"zombie_pose": "animation.armor_stand.zombie_pose",
										"cancan_a_pose": "animation.armor_stand.cancan_a_pose",
										"cancan_b_pose": "animation.armor_stand.cancan_b_pose",
										"hero_pose": "animation.armor_stand.hero_pose",
										"wiggle": "animation.armor_stand.wiggle",
										"controller.pose": "controller.animation.armor_stand.pose",
										"controller.wiggling": "controller.animation.armor_stand.wiggle"
									},
									"scripts": {
										"initialize": [
											"variable.armor_stand.pose_index = 0;",
											"variable.armor_stand.hurt_time = 0;"
										],
										"animate": [
											"controller.pose",
											"controller.wiggling"
										]
									},
									"geometry": {
										"default": "geometry.letter_e"
									},
									"render_controllers": [
										"controller.render.armor_stand"
									],
									"enable_attachables": false,
									"spawn_egg": {
										"texture": "egray",
										"texture_index": 0
									}
								},
								"key": "spawn_egg",
								"is_minified": true,
								"children": {
									"texture": "egray",
									"texture_index": 0
								}
							}
						]
					}
				]
			}
		]
	}
}