{
  "format_version": "1.8.0",
  "minecraft:entity": {
    "description": {
      "identifier": "rc:kiki",
      "is_spawnable": false,
      "is_summonable": true,
      "is_experimental": false
    },
	
	"component_groups": {
	  "minecraft:eclosion": {
	  "minecraft:loot": {
          "table": "loot_tables/kiki.json"
        },
              "minecraft:health": {
        "value": 0,
        "max": 0
      }
	  }
	},
	
	"components": {
	  "minecraft:damage_sensor": [
	    {
		  "cause": "any",
		  "deals_damage": false
		}
	  ],
	  "minecraft:timer": {
		"looping": false,
		"randomInterval": false,
		"time": 0.8,
		"time_down_event": {
		  "event": "minecraft:event_eclosion"
		}
	  },
	        "minecraft:health": {
        "value": 1000,
        "max": 1000
      },
	  "minecraft:collision_box": {
	    "height": 0.1,
	    "width": 0.1
	  },
	  "minecraft:physics": {
	    "has_gravity": false,
		"has_collision": false
	  }
	},
	
	"events": {
	  "minecraft:event_eclosion": {
	    "add": {
		  "component_groups": [
		    "minecraft:eclosion"
		  ]
		}
	  }
	}
  }
}