{
	"format_version": "1.16.100",
	"minecraft:item": {
		"description": {
 "identifier": "rc:cosmic_meatballs",
		"category": "items"
		},
		"components": {
		  "minecraft:use_duration": 1,
      "minecraft:food": {
        "nutrition": 20,
        "saturation_modifier": "supernatural"
      },
	  			"minecraft:icon": {
			"texture": "cosmic_meatballs"
		},
		"minecraft:creative_category": {
				"parent": "items"
			},
			"minecraft:max_stack_size": 64,
			"minecraft:fuel": {
				"duration": 8
			},
	"minecraft:display_name": {
			"value": "Cosmic Meatballs"
      }
		}
	}
}