{
  "format_version": "1.16.100",
  "minecraft:item": {
    "description": {
      "identifier": "rc:endest_pearl",
           "category": "equipment"
    },
    "components": {
           "minecraft:max_stack_size": 64,
                              "minecraft:icon": {
                "texture": "endest_pearl"
            },
      "minecraft:on_use": {
        "on_use": {
          "event": "consumed",
          "target": "self"
        }
      },
                                "minecraft:creative_category": {
                "parent": "itemGroup.qt"
            },
            "minecraft:display_name": { "value": "§3Endest Pearl"}
    },
            "events": {
        "consumed": {
				"run_command": {
					"command": [
		"function prosao"
					]
				},
				"decrement_stack": {}
    }
    }
  }
}