{
  "format_version": "1.8.0",
  "animations": {
    "animation.rain%: {
      "timeline": {
        "13.9": [
          "execute @e[type=!item, type=!arrow, r=7.5] ~~~ summon arrow ~~5~",
            "execute @e[type=!item, type=!arrow, r=7.5] ~~~ summon arrow ~1~5~",
            "execute @e[type=!item, type=!arrow, r=7.5] ~~~ summon arrow ~~5~1",
            "execute @e[type=!item, type=!arrow, r=7.5] ~~~ summon arrow ~1~5~1",
            "execute @e[type=!item, type=!arrow, r=7.5] ~~~ summon arrow ~1~6~2",
            "execute @e[type=!item, type=!arrow, r=7.5] ~~~ summon arrow ~2~6~1",
            "execute @e[type=!item, type=!arrow, r=7.5] ~~~ summon arrow ~2~6~2"
        ]
      },
      "animation_length": 14,
      "loop": false
    }
  }
}