{
  "format_version": "1.16.100",
  "minecraft:block": {
    "description": {
      "identifier": "rc:arr",
      "category": "Nature"
    },
    "components": {
      "minecraft:loot": "loot_tables/blocks/hou.json",
      "minecraft:destroy_time": 0.3,
      "minecraft:friction": 0.7,
      "minecraft:map_color": "#FFFFFF",
      "minecraft:explosion_resistance": 1.0,
      "minecraft:block_light_absorption": 15.0,
      "minecraft:block_light_emission": 0.0,
      "minecraft:geometry": "geometry.block.bloco",
      "minecraft:material_instances": {
        "*": {
          "texture": "ha",
          "render_method": "blend"
        }
      },
  "minecraft:ticking": {
  "looping": true,
  "range": [ 0.1, 6],
  "on_tick": {
    "event": "energia",
    "target": "self"
}
}
    },
    "events": {
      "energia": {
        "run_command": {
          "command": [
            "execute @e[type=arrow,c=1] ~ ~ ~ function flechas",
            "execute @e[type=arrow,c=1] ~ ~ ~ summon arrow ~-1 ~9 ~-1",
            "execute @e[type=arrow,c=1] ~ ~ ~ summon arrow ~-1 ~9 ~1",
            "execute @e[type=arrow,c=1] ~ ~ ~ summon arrow ~1 ~9 ~-1",
            "execute @e[type=arrow,c=1] ~ ~ ~ summon arrow ~3 ~9 ~3",
            "execute @e[type=arrow,c=1] ~ ~ ~ summon arrow ~-3 ~9 ~-3",
            "execute @e[type=arrow,c=1] ~ ~ ~ summon arrow ~-3 ~9 ~3",
            "execute @e[type=arrow,c=1] ~ ~ ~ summon arrow ~3 ~9 ~-3",
"setblock ~ ~ ~ rc:kill_arr"
           ]
         } 
        }
      }
    }
  }
}