{
    "format_version": "1.16.100",
    "minecraft:item": {
        "description": {
            "identifier": "rc:dire_crafting_table_item",
            "category": "nature"
        },
        "components": {
            "minecraft:creative_category": {
                "parent": "itemGroup.name.blocks"
            },
            "minecraft:block_placer": {
                "block": "rc:dire_crafting_table"
            },
			"minecraft:icon": {
                "texture": "dire_crafting_table_item"
            },	"minecraft:render_offsets": {
                "main_hand": {
                    "third_person": {
                        "position": [0.26, 1.0, -0.55],
                        "scale": [0.05, 0.05, 0.05]
                    },
                    "first_person": {
                        "position": [0.88, -0.2, -1.6],
                        "scale": [0.03, 0.03, 0.03]
                    }
                }
            },
            "minecraft:display_name": {
                "value": "Dire Crafting Table"
            }
        }
    }
}