{
  "format_version": "1.12",
  "minecraft:recipe_shaped": {
    "description": {
      "identifier": "recipes_554ae763"
    },
    "tags": [
      "dire"
    ],
    "pattern": [
      "AAB",
      "C B",
      "AAB"
    ],
    "key": {
      "A": {
        "item": "rc:infinity_block_item",
        "data": 0
      },
      "B": {
        "item": "minecraft:wool",
        "data": 0
      },
      "C": {
        "item": "rc:crystal_matrix_ingot",
        "data": 0
      }
    },
    "result": {
      "item": "rc:longbow_of_the_heavens",
      "count": 1
    }
  }
}