{
  "format_version": "1.12",
  "minecraft:recipe_shaped": {
    "description": {
      "identifier": "recipes_f1ca216f"
    },
    "tags": [
      "dire"
    ],
    "pattern": [
      "ABA",
      "CBC",
      "DBD"
    ],
    "key": {
      "A": {
        "item": "rc:infinity_block_item",
        "data": 0
      },
      "B": {
        "item": "rc:infinity_ingot",
        "data": 0
      },
      "C": {
        "item": "rc:infinity_catalyst",
        "data": 0
      },
      "D": {
        "item": "rc:neutronium_block_item",
        "data": 0
      }
    },
    "result": {
      "item": "projecte:mudar_inf5",
      "count": 1
    }
  }
}