{
  "format_version": "1.12",
  "minecraft:recipe_shaped": {
    "description": {
      "identifier": "cosmic_meat_balls_add18655"
    },
    "tags": [
      "dire"
    ],
    "pattern": [
      "ABC",
      "DE "
    ],
    "key": {
      "A": {
        "item": "rc:pile_of_neutrons",
        "data": 0
      },
      "B": {
        "item": "minecraft:porkchop",
        "data": 0
      },
      "C": {
        "item": "minecraft:beef",
        "data": 0
      },
      "D": {
        "item": "minecraft:chicken",
        "data": 0
      },
      "E": {
        "item": "minecraft:salmon",
        "data": 0
      }
    },
    "result": {
      "item": "rc:cosmic_meatballs",
      "count": 1
    }
  }
}