{
  "format_version": "1.12",
  "minecraft:recipe_shaped": {
    "description": {
      "identifier": "recipes_cd93169a"
    },
    "tags": [
      "crafting_table"
    ],
    "pattern": [
      "AAA",
      "ABA",
      "AAA"
    ],
    "key": {
      "A": {
        "item": "rc:crystal_matrix_ingot",
        "data": 0
      },
      "B": {
        "item": "rc:double_compressed_crafting_table_item",
        "data": 0
      }
    },
    "result": {
      "item": "rc:dire_crafting_table_item",
      "count": 1
    }
  }
}