{
  "format_version": "1.12",
  "minecraft:recipe_shaped": {
    "description": {
      "identifier": "infinity_catalyst_51fca094"
    },
    "tags": [
      "dire"
    ],
    "pattern": [
      "ABC",
      "DEF",
      "GHI"
    ],
    "key": {
      "A": {
        "item": "rc:endest_pearl",
        "data": 0
      },
      "B": {
        "item": "rc:iron_singularity",
        "data": 0
      },
      "C": {
        "item": "rc:gold_singularity",
        "data": 0
      },
      "D": {
        "item": "rc:lapis_singularity",
        "data": 0
      },
      "E": {
        "item": "rc:redstone_singularity",
        "data": 0
      },
      "F": {
        "item": "rc:nether_quartz_singularity",
        "data": 0
      },
      "G": {
        "item": "rc:ultimate_stew",
        "data": 0
      },
      "H": {
        "item": "rc:cosmic_meatballs",
        "data": 0
      },
      "I": {
        "item": "rc:record_fragment",
        "data": 0
      }
    },
    "result": {
      "item": "rc:infinity_catalyst",
      "count": 1
    }
  }
}