{
  "format_version": "1.12",
  "minecraft:recipe_shaped": {
    "description": {
      "identifier": "iron_singularity_f8151fdf"
    },
    "tags": [
      "neutron_compressor"
    ],
    "pattern": [
      "AAA",
      "ABA",
      "AAA"
    ],
    "key": {
      "A": {
        "item": "minecraft:iron_block",
        "data": 0
      },
      "B": {
        "item": "rc:neutronium_block_item",
        "data": 0
      }
    },
    "result": {
      "item": "rc:iron_singularity",
      "count": 1
    }
  }
}