{
  "format_version": "1.12",
  "minecraft:recipe_shaped": {
    "description": {
      "identifier": "recipes_edaa2f40"
    },
    "tags": [
      "dire"
    ],
    "pattern": [
      "ABA",
      "CDC",
      "EFE"
    ],
    "key": {
      "A": {
        "item": "minecraft:obsidian",
        "data": 0
      },
      "B": {
        "item": "minecraft:hopper",
        "data": 0
      },
      "C": {
        "item": "rc:neutronium_ingot",
        "data": 0
      },
      "D": {
        "item": "rc:neutronium_block_item",
        "data": 0
      },
      "E": {
        "item": "minecraft:redstone_block",
        "data": 0
      },
      "F": {
        "item": "minecraft:iron_block",
        "data": 0
      }
    },
    "result": {
      "item": "rc:neutronium_compressor_item",
      "count": 1
    }
  }
}