{
  "format_version": "1.12",
  "minecraft:recipe_shaped": {
    "description": {
      "identifier": "recipes_2c0dc99c"
    },
    "tags": [
      "dire"
    ],
    "pattern": [
      "ABA",
      "CDC",
      "CDC"
    ],
    "key": {
      "A": {
        "item": "rc:neutronium_block_item",
        "data": 0
      },
      "B": {
        "item": "rc:crystal_matrix_block_item",
        "data": 0
      },
      "C": {
        "item": "rc:neutronium_ingot",
        "data": 0
      },
      "D": {
        "item": "rc:infinity_block_item",
        "data": 0
      }
    },
    "result": {
      "item": "projecte:mudar_inf7",
      "count": 1
    }
  }
}