{
  "format_version": "1.12",
  "minecraft:recipe_shaped": {
    "description": {
      "identifier": "recipeopas_3ecebf6c"
    },
    "tags": [
      "dire"
    ],
    "pattern": [
      "ABB",
      "CBB",
      "DCA"
    ],
    "key": {
      "A": {
        "item": "minecraft:bone",
        "data": 0
      },
      "B": {
        "item": "rc:crystal_matrix_block_item",
        "data": 0
      },
      "C": {
        "item": "minecraft:blaze_powder",
        "data": 0
      },
      "D": {
        "item": "minecraft:nether_star",
        "data": 0
      }
    },
    "result": {
      "item": "rc:skullfire_sword",
      "count": 1
    }
  }
}