{
  "format_version": "1.16.200",
  "minecraft:block": {
    "description": {
      "identifier": "block:ghost_soul_table",
      "properties": {
        "facing:direction": [ 2, 3, 4, 5 ]
      }
    },
    "components": {
        "minecraft:material_instances": {
              "north": {
                  "texture": "soul_table_side",
                  "render_method": "blend"
              },
              "south": {
                  "texture": "soul_table_front",
                  "render_method": "blend"
              },
              "east": {
                  "texture": "soul_table_side",
                  "render_method": "blend"
              },
              "west": {
                  "texture": "soul_table_side2",
                  "render_method": "blend"
              },
              "up": {
                  "texture": "soul_table_top",
                  "render_method": "blend"
              },
              "down": {
                  "texture": "soul_table_bottom",
                  "render_method": "blend"
              }
          },
           "minecraft:loot": "loot_tables/blocks/soul_table.json",
           "minecraft:destroy_time": 2.0,
           "minecraft:unit_cube": {},
           "minecraft:map_color": "#383A47",
           "minecraft:flammable": {
           "flame_odds": 30,
           "burn_odds": 30
           },
           "minecraft:pick_collision": {
                "origin": [ -8, 0, -8 ],
                "size": [ 16, 16, 16 ]
            },
            "minecraft:entity_collision": false,
           "minecraft:on_player_placing": {
           "event": "placement_state"
           },
           "minecraft:crafting_table": {
                "grid_size": 3,
                "custom_description": "Make Ghost",
                "crafting_tags": [
                    "soul_table"
                ]
            },
           "minecraft:block_light_absorption": 15,
           "minecraft:block_light_emission": 0.2,
           "minecraft:explosion_resistance": 15
          },
         "events": {
            "placement_state": {
                "set_block_property": {
                     "facing:direction": "(query.cardinal_facing_2d)"
             }
         }
    },
    "permutations": [
            {
                "condition": "query.block_property('facing:direction') == 2",
                "components": {
                    "minecraft:rotation": [ 0, 0, 0 ]
                }
            },
            {
                "condition": "query.block_property('facing:direction') == 3",
                "components": {
                    "minecraft:rotation": [ 0, 180, 0 ]
                }
            },
            {
                "condition": "query.block_property('facing:direction') == 4",
                "components": {
                    "minecraft:rotation": [ 0, 90, 0 ]
                }
            },
            {
                "condition": "query.block_property('facing:direction') == 5",
                "components": {
                    "minecraft:rotation": [ 0, 270, 0 ]
                }
            }
        ]
    }
}