{
    "format_version": "1.16.0",
    "minecraft:block": {
        "description": {
            "identifier": "block:ghost_blue_ice"
        },
        "components": {
            "minecraft:pick_collision": {
                "origin": [ -8, 0, -8 ],
                "size": [ 16, 16, 16 ]
            },
            "minecraft:entity_collision": false,
            "minecraft:destroy_time": 1.5,
            "minecraft:flammable": {
                "flame_odds": 0,
                "burn_odds": 0
            },
            "minecraft:block_light_emission": 0.0,
            "minecraft:block_light_absorption": 0
        }
    }
}