{
    "format_version": "1.16.0",
    "minecraft:block": {
        "description": {
            "identifier": "block:ghost_redstone_lamp",
            "properties": {
                "block:toggle_light": [ true, false ]
            }           
        },
        "components": {
            "minecraft:material_instances": {
                "*": {
                    "texture": "redstone_lamp_off",
                    "render_method": "blend"
                }
            },
            "minecraft:unit_cube": { },
            "minecraft:pick_collision": {
                "origin": [ -8, 0, -8 ],
                "size": [ 16, 16, 16 ]
            },
            "minecraft:entity_collision": false,
            "minecraft:loot": "loot_tables/blocks/ghost_redstone_lamp.json",
            "minecraft:destroy_time": 1.5,
            "minecraft:flammable": {
                "flame_odds": 0,
                "burn_odds": 0
            },
            "minecraft:on_interact": {
                "event": "toggle_light"
            },
            "minecraft:block_light_emission": 0.0,
            "minecraft:block_light_absorption": 15
        },
        "permutations": [
            {
                "condition": "!query.block_property('block:toggle_light')",
                "components": {
                    "minecraft:block_light_emission": 1.0,
			        "minecraft:block_light_absorption": 0.0,
                    "minecraft:material_instances": {
                        "*": {
                            "texture": "redstone_lamp_on",
                            "render_method": "blend"
					    }
				    }
				}
            }
        ],
        "events": {
            "toggle_light": {
                "set_block_property": {
                    "block:toggle_light": "query.block_property('block:toggle_light') ? false : true"
                }
            }
        }
    }
}