{
    "format_version": "1.16.0",
    "minecraft:block": {
        "description": {
            "identifier": "block:ghost_warped_nylium"
        },
        "components": {
            "minecraft:material_instances": {
                "*": {
                    "texture": "warped_nylium_side",
                    "render_method": "blend"
                },
                "up": {
                    "texture": "warped_nylium_top",
                    "render_method": "blend"
                },
                "down": {
                    "texture": "netherrack",
                    "render_method": "blend"
                }
            },
            "minecraft:unit_cube": { },
            "minecraft:pick_collision": {
                "origin": [ -8, 0, -8 ],
                "size": [ 16, 16, 16 ]
            },
            "minecraft:entity_collision": false,
            "minecraft:destroy_time": 1.5,
            "minecraft:flammable": {
                "flame_odds": 0,
                "burn_odds": 0
            },
            "minecraft:block_light_emission": 0.0,
            "minecraft:explosion_resistance": 7
        }
    }
}