{
    "format_version": "1.16.0",
    "minecraft:block": {
        "description": {
            "identifier": "block:ghost_crafting_table"
        },
        "components": {
            "minecraft:material_instances": {
              "front": {
                  "texture": "crafting_table_front",
                  "render_method": "opaque"
              },
              "side": {
                  "texture": "crafting_table_side",
                  "render_method": "opaque"
              },
              "up": {
                  "texture": "crafting_table_top",
                  "render_method": "opaque"
              },
              "down": {
                  "texture": "crafting_table_bottom",
                  "render_method": "opaque"
              },
              "north": "front",
              "south": "front",
              "west": "side",
              "east":  "side"
          },
            "minecraft:unit_cube": { },
            "minecraft:pick_collision": {
                "origin": [ -8, 0, -8 ],
                "size": [ 16, 16, 16 ]
            },
            "minecraft:entity_collision": false,
            "minecraft:destroy_time": 1.5,
            "minecraft:flammable": {
                "flame_odds": 0,
                "burn_odds": 0
            },
            "minecraft:crafting_table": {
				"grid_size": 3,
				"custom_description": "container.crafting",
				"crafting_tags": [
					"crafting_table"
				]
			},
            "minecraft:block_light_emission": 0.0,
            "minecraft:block_light_absorption": 1.0,
            "minecraft:explosion_resistance": 7
        }
    }
}