{
    "format_version": "1.16.0",
    "minecraft:block": {
        "description": {
            "identifier": "block:ghost_stem_crimson",
            "properties": {
				"block:direction": [0, 1, 2],
				"block:is_stripped": [false, true]
			}
        },
        "components": {
            "minecraft:material_instances": {
                "*": {
                    "texture": "crimson_log_side",
                    "render_method": "blend"
                },
                "ends": {
                    "texture": "crimson_log_top",
                    "render_method": "blend"
                },
                "up": "ends",
                "down": "ends"
            },
            "minecraft:unit_cube": { },
            "minecraft:pick_collision": {
                "origin": [ -8, 0, -8 ],
                "size": [ 16, 16, 16 ]
            },
            "minecraft:entity_collision": false,
            "minecraft:loot": "loot_tables/blocks/ghost_stem_crimson.json",
            "minecraft:destroy_time": 1.5,
            "minecraft:flammable": {
                "flame_odds": 30,
                "burn_odds": 30
            },
            "minecraft:on_player_placing": {
				"event": "facing_direction"
			},
			"minecraft:on_interact": {
			    "condition": "q.get_equipped_item_name == 'wooden_axe' || q.get_equipped_item_name == 'stone_axe' || q.get_equipped_item_name == 'iron_axe' || q.get_equipped_item_name == 'golden_axe' || q.get_equipped_item_name == 'diamond_axe' || q.get_equipped_item_name == 'netherite_axe'",
				"event": "stripped_log"
			},
            "minecraft:block_light_emission": 0.0,
            "minecraft:block_light_absorption": 1.0
        },
        "events": {
			"facing_direction": {
				"set_block_property": {
					"block:direction": "math.floor(query.cardinal_block_face_placed_on / 2.0)"
				}
			},
			"stripped_log": {
				"set_block_property": {
					"block:is_stripped": true
				}
			}
		},
		"permutations": [
             {
				"condition": "query.block_property('block:direction') == 0",
				"components": {
					"minecraft:rotation": [0, 0, 0]
				}
			},
			{
				"condition": "query.block_property('block:direction') == 1",
				"components": {
					"minecraft:rotation": [90, 0, 0]
				}
			},
			{
				"condition": "query.block_property('block:direction') == 2",
				"components": {
					"minecraft:rotation": [0, 0, 90]
				}
			},
			{
				"condition": "query.block_property('block:is_stripped') == true",
				"components": {
				    "minecraft:loot": "loot_tables/blocks/ghost_stripped_stem_crimson.json",
					"minecraft:material_instances": {
                        "*": {
                            "texture": "stripped_crimson_stem_side",
                            "render_method": "blend"
                        },
                        "ends": {
                            "texture": "stripped_crimson_stem_top",
                            "render_method": "blend"
                        },
                        "up": "ends",
                        "down": "ends"
                    }
				}
			}
		]
	}
}