{
    "format_version": "1.16.0",
    "minecraft:block": {
        "description": {
            "identifier": "block:ghost_ancient_debris"
        },
        "components": {
            "minecraft:material_instances": {
                "*": {
                    "texture": "ancient_debris_side",
                    "render_method": "blend"
                },
                "ends": {
                    "texture": "ancient_debris_top",
                    "render_method": "blend"
                },
                "up": "ends",
                "down": "ends"
            },
            "minecraft:unit_cube": { },
            "minecraft:pick_collision": {
                "origin": [ -8, 0, -8 ],
                "size": [ 16, 16, 16 ]
            },
            "minecraft:entity_collision": false,
            "minecraft:destroy_time": 1.5,
            "minecraft:flammable": {
                "flame_odds": 0,
                "burn_odds": 0
            },
            "minecraft:block_light_emission": 0.0,
            "minecraft:block_light_absorption": 15
        }
    }
}