{
    "format_version": "1.16.0",
    "minecraft:block": {
        "description": {
            "identifier": "block:ghost_wood_jungle",
            "properties": {
				"block:direction": [0, 1, 2]
			}
        },
        "components": {
            "minecraft:material_instances": {
                "*": {
                    "texture": "log_jungle",
                    "render_method": "blend"
                }
            },
            "minecraft:unit_cube": { },
            "minecraft:pick_collision": {
                "origin": [ -8, 0, -8 ],
                "size": [ 16, 16, 16 ]
            },
            "minecraft:entity_collision": false,
            "minecraft:loot": "loot_tables/blocks/ghost_wood_jungle.json",
            "minecraft:destroy_time": 1.5,
            "minecraft:flammable": {
                "flame_odds": 30,
                "burn_odds": 30
            },
            "minecraft:on_player_placing": {
				"event": "facing_direction"
			},
            "minecraft:block_light_emission": 0.0,
            "minecraft:block_light_absorption": 15,
            "minecraft:explosion_resistance": 7
        },
        "events": {
			"facing_direction": {
				"set_block_property": {
					"block:direction": "math.floor(query.cardinal_block_face_placed_on / 2.0)"
				}
			}
		},
		"permutations": [
             {
				"condition": "query.block_property('block:direction') == 0",
				"components": {
					"minecraft:rotation": [0, 0, 0]
				}
			},
			{
				"condition": "query.block_property('block:direction') == 1",
				"components": {
					"minecraft:rotation": [90, 0, 0]
				}
			},
			{
				"condition": "query.block_property('block:direction') == 2",
				"components": {
					"minecraft:rotation": [0, 0, 90]
				}
			}
		]
	}
}