{
    "format_version": "1.16.0",
    "minecraft:block": {
        "description": {
            "identifier": "block:ghost_glazed_terracotta_gray",
            "properties": {
				"block:direction": [0, 1, 2, 3, 4, 5]
			}
        },
        "components": {
            "minecraft:material_instances": {
                "*": {
                    "texture": "gray_glazed_terracotta",
                    "render_method": "blend"
                }
            },
            "minecraft:unit_cube": { },
            "minecraft:pick_collision": {
                "origin": [ -8, 0, -8 ],
                "size": [ 16, 16, 16 ]
            },
            "minecraft:entity_collision": false,
            "minecraft:destroy_time": 1.5,
            "minecraft:flammable": {
                "flame_odds": 0,
                "burn_odds": 0
            },
            "minecraft:on_player_placing": {
				"event": "facing_direction"
			},
            "minecraft:loot": "loot_tables/blocks/ghost_glazed_terracotta_gray.json",
            "minecraft:block_light_emission": 0.0,
            "minecraft:block_light_absorption": 15
        },
        "events": {
			"facing_direction": {
				"set_block_property": {
					"block:direction": "(query.cardinal_player_facing)"
				}
			}
		},
		"permutations": [
             {
				"condition": "query.block_property('block:direction') == 0",
				"components": {
					"minecraft:rotation": [-90, 0, 0]
				}
			},
			{
				"condition": "query.block_property('block:direction') == 1",
				"components": {
					"minecraft:rotation": [90, 0, 0]
				}
			},
			{
				"condition": "query.block_property('block:direction') == 2",
				"components": {
					"minecraft:rotation": [0, 0, 0]
				}
			},
			{
				"condition": "query.block_property('block:direction') == 3",
				"components": {
					"minecraft:rotation": [0, 180, 0]
				}
			},
			{
				"condition": "query.block_property('block:direction') == 4",
				"components": {
					"minecraft:rotation": [0, 90, 0]
				}
			},
			{
				"condition": "query.block_property('block:direction') == 5",
				"components": {
					"minecraft:rotation": [0, 270, 0]
				}
			}
		]
    }
}