{
    "format_version": "1.16.0",
    "minecraft:block": {
        "description": {
            "identifier": "block:ghost_tnt"
        },
        "components": {
            "minecraft:material_instances": {
                "*": {
                    "texture": "tnt_side",
                    "render_method": "opaque"
                },
                "up": {
                    "texture": "tnt_top",
                    "render_method": "opaque"
                },
                "down": {
                    "texture": "tnt_bottom",
                    "render_method": "opaque"
                }
            },
            "minecraft:unit_cube": { },
            "minecraft:pick_collision": {
                "origin": [ -8, 0, -8 ],
                "size": [ 16, 16, 16 ]
            },
            "minecraft:entity_collision": false,
            "minecraft:destroy_time": 1.5,
            "minecraft:flammable": {
                "flame_odds": 0,
                "burn_odds": 0
            },
            "minecraft:on_interact": {
                "event": "explode",
                "condition": "q.get_equipped_item_name == 'flint_and_steel'"
            },
            "minecraft:block_light_emission": 0.0,
            "minecraft:block_light_absorption": 15
        },
        "events": {
            "explode": {
                "sequence": [
                    {
                        "set_block": {
                            "block_type": "minecraft:air"
                        }
                    },
                    {
                        "run_command": {
                            "command": ["summon tnt ~ ~ ~"],
                            "target": "self"
                        }
                    }
                ]
            }
        }
    }
}