{
  "format_version": "1.16.100",
  "minecraft:item": {
    "description": {
      "identifier": "projecte:mudar_inf5",
           "category": "equipment"
    },
    "components": {
           "minecraft:max_stack_size": 1,
                              "minecraft:icon": {
                "texture": "infinity_helmet"
            },
      "minecraft:on_use": {
        "on_use": {
          "event": "consumed",
          "target": "self"
        }
      },
                                "minecraft:creative_category": {
                "parent": "itemGroup.qt"
            },
            "minecraft:display_name": { "value": "§4Infinity Helmet"}
    },
            "events": {
        "consumed": {
				"run_command": {
					"command": [
		"function i/nn"
					]
				},
				"decrement_stack": {}
    }
    }
  }
}