{
  "format_version": "1.16.100",
  "minecraft:item": {
    "description": {
      "identifier": "rc:infinity_boots",
      "category": "command"
    },
    "components": {
      "minecraft:creative_category": {
        "parent": "itemGroup.name.boots"
      },
      "minecraft:icon": {
        "texture": "infinity_boots"
      },
	  "minecraft:render_offsets": "boots",
	  "minecraft:display_name": {"value": "§4Infinity Boots"},
      "minecraft:max_stack_size": 1,
      "minecraft:enchantable": {
        "value": 15,
        "slot": "armor_feet"
      },

      "minecraft:mining_speed": 9,
      "minecraft:damage": 4,
      "minecraft:armor": {
        "protection": 99999
      },
      "minecraft:wearable": {
        "slot": "slot.armor.feet"
      },
      "minecraft:knockback_resistance": {
        "protection": 2.0
      }
    }
  }
}