{
    "format_version": "1.16.0",
    "minecraft:block": {
        "description": {
            "identifier": "rc:compressed_crafting_table"
        },
    "components": {
      "minecraft:material_instances": {
        "*": {
        "texture": "compressed_craft",
        "render_method": "opaque"
       }
      },
        "minecraft:geometry": "geometry.block",
        "minecraft:display_name": "Compressed Crafting Table",
            
        "minecraft:pick_collision": {
            "origin": [ -8, 0, -8 ],
            "size": [ 16, 16, 16 ]
        },
        "minecraft:entity_collision": {
            "origin": [ -8, 0, -8 ],
            "size": [ 16, 16, 16 ]
        },
            
       "minecraft:crafting_table": {
            "grid_size": 3,
            "crafting_tags": [
               "crafting_table"
            ]
        },
        "minecraft:destroy_time": 1.5,
        "minecraft:friction": 0.6,
        "minecraft:explosion_resistance": 1.0,
	      "minecraft:block_light_absorption": 1.0,
      "minecraft:loot": "loot_tables/blocks/compressed_crafting_table.json",
        "minecraft:map_color": "#FFFFFF"
        }
      }
    }
}