{
    "format_version": "1.16.0",
    "minecraft:block": {
        "description": {
            "identifier": "rc:dire_crafting_table"
        },
    "components": {
      "minecraft:material_instances": {
        "*": {
        "texture": "dire_crafting_table_side",
        "render_method": "opaque"
      },
        "top": {
        "texture": "dire_crafting_table_top",
        "render_method": "opaque"
      },
        "baixo": {
        "texture": "dire_crafting_table_top",
        "render_method": "opaque"
      },
        "up": "top",
        "down": "baixo"
      },
        "minecraft:geometry": "geometry.block",
        "minecraft:display_name": "Dire Crafting Table",
            
        "minecraft:pick_collision": {
            "origin": [ -8, 0, -8 ],
            "size": [ 16, 16, 16 ]
        },
        "minecraft:entity_collision": {
            "origin": [ -8, 0, -8 ],
            "size": [ 16, 16, 16 ]
        },
            
       "minecraft:crafting_table": {
            "grid_size": 3,
            "crafting_tags": [
               "dire"
            ]
        },
        "minecraft:destroy_time": 3.0,
        "minecraft:friction": 0.6,
        "minecraft:explosion_resistance": 1.0,
	      "minecraft:block_light_absorption": 1.0,
      "minecraft:loot": "loot_tables/blocks/dire_crafting_table.json",
        "minecraft:map_color": "#FFFFFF"
        }
      }
    }
}