{
    "format_version": "1.16.0",
    "minecraft:block": {
        "description": {
            "identifier": "rc:neutron_collector",
            "properties": {
                "rc:giro": [ 1, 2, 3, 4, 5, 6 ]
            }
        },
    "components": {
      "minecraft:material_instances": {
        "*": {
        "texture": "neutron_collector_side",
        "render_method": "opaque"
      },
        "top": {
        "texture": "neutron_collector_top",
        "render_method": "opaque"
      },
        "front": {
        "texture": "neutron_collector_front",
        "render_method": "opaque"
      },
        "up": "top",
        "south": "front"
      },
        "minecraft:geometry": "geometry.block",
        "minecraft:display_name": "Neutron Collector",
            
        "minecraft:pick_collision": {
            "origin": [ -8, 0, -8 ],
            "size": [ 16, 16, 16 ]
        },
        "minecraft:entity_collision": {
            "origin": [ -8, 0, -8 ],
            "size": [ 16, 16, 16 ]
        },
            
        "minecraft:on_player_placing": {
            "event": "rc:rt"
        },
        "minecraft:destroy_time": 5.0,
        "minecraft:friction": 0.6,
        "minecraft:explosion_resistance": 1.0,
	      "minecraft:block_light_absorption": 1.0,
      "minecraft:loot": "loot_tables/blocks/neutron_collector.json",
        "minecraft:map_color": "#FFFFFF",
		"minecraft:ticking": {
			"looping": true,
			"range": [ 1500, 1500 ],
			"on_tick": {
			"event": "a",
			"target": "self"
						}
					}
    },
	"events":{			
 	"a": {
			"run_command":{
				"command": [
				  "summon rc:kiki"
				  ]
			}
 	},
            "rc:rt": {
                "set_block_property": {
                    "rc:giro": "(query.cardinal_player_facing)"
                }
            }
        },
        "permutations": [
            {
                "condition": "query.block_property('rc:giro') == 3",
                "components": {
                    "minecraft:rotation": [ 0, 180, 0 ]
                }
            },
            {
                "condition": "query.block_property('rc:giro') == 4",
                "components": {
                    "minecraft:rotation": [ 0, 90, 0 ]
                }
            },
            {
                "condition": "query.block_property('rc:giro') == 5",
                "components": {
                    "minecraft:rotation": [ 0, 270, 0 ]
                }
            }
        ]
    }
}